Method,Job,AnalyzeLaunchVariance,EvaluateOverhead,MaxAbsoluteError,MaxRelativeError,MinInvokeCount,MinIterationTime,OutlierMode,Affinity,EnvironmentVariables,Jit,LargeAddressAware,Platform,PowerPlanMode,Runtime,AllowVeryLargeObjects,Concurrent,CpuGroups,Force,HeapAffinitizeMask,HeapCount,NoAffinitize,RetainVm,Server,Arguments,BuildConfiguration,Clock,EngineFactory,NuGetReferences,IsMutator,InvocationCount,IterationCount,IterationTime,LaunchCount,MaxIterationCount,MaxWarmupIterationCount,MemoryRandomization,MinIterationCount,MinWarmupIterationCount,RunStrategy,UnrollFactor,WarmupCount,HasListener,Mean,Error,StdDev,Median,Ratio,RatioSD,Gen0,Allocated,Alloc Ratio
'Manual: start + complete',.NET 10.0,False,Default,Default,Default,Default,Default,Default,11111111111111111111111111111111,Empty,RyuJit,Default,X64,8c5e7fda-e8bf-4a96-9a85-a6e23a8c635c,.NET 10.0,False,True,False,True,Default,Default,False,False,False,Default,Default,Default,Default,Default,Default,Default,Default,Default,Default,Default,Default,Default,Default,Default,Default,16,Default,False,0.5619 ns,0.0339 ns,0.0317 ns,0.5739 ns,1.00,0.08,0.0000,0 B,NA
'Generated: start + complete',.NET 10.0,False,Default,Default,Default,Default,Default,Default,11111111111111111111111111111111,Empty,RyuJit,Default,X64,8c5e7fda-e8bf-4a96-9a85-a6e23a8c635c,.NET 10.0,False,True,False,True,Default,Default,False,False,False,Default,Default,Default,Default,Default,Default,Default,Default,Default,Default,Default,Default,Default,Default,Default,Default,16,Default,False,0.5529 ns,0.0234 ns,0.0219 ns,0.5525 ns,0.99,0.07,0.0000,0 B,NA
'Manual: start + fail',.NET 10.0,False,Default,Default,Default,Default,Default,Default,11111111111111111111111111111111,Empty,RyuJit,Default,X64,8c5e7fda-e8bf-4a96-9a85-a6e23a8c635c,.NET 10.0,False,True,False,True,Default,Default,False,False,False,Default,Default,Default,Default,Default,Default,Default,Default,Default,Default,Default,Default,Default,Default,Default,Default,16,Default,False,0.7231 ns,0.0222 ns,0.0197 ns,0.7236 ns,1.29,0.08,0.0000,0 B,NA
'Generated: start + fail',.NET 10.0,False,Default,Default,Default,Default,Default,Default,11111111111111111111111111111111,Empty,RyuJit,Default,X64,8c5e7fda-e8bf-4a96-9a85-a6e23a8c635c,.NET 10.0,False,True,False,True,Default,Default,False,False,False,Default,Default,Default,Default,Default,Default,Default,Default,Default,Default,Default,Default,Default,Default,Default,Default,16,Default,False,0.5207 ns,0.0251 ns,0.0223 ns,0.5205 ns,0.93,0.07,0.0000,0 B,NA
'Manual: start + complete',.NET 8.0,False,Default,Default,Default,Default,Default,Default,11111111111111111111111111111111,Empty,RyuJit,Default,X64,8c5e7fda-e8bf-4a96-9a85-a6e23a8c635c,.NET 8.0,False,True,False,True,Default,Default,False,False,False,Default,Default,Default,Default,Default,Default,Default,Default,Default,Default,Default,Default,Default,Default,Default,Default,16,Default,False,0.7059 ns,0.0156 ns,0.0130 ns,0.7034 ns,1.00,0.03,0.0000,0 B,NA
'Generated: start + complete',.NET 8.0,False,Default,Default,Default,Default,Default,Default,11111111111111111111111111111111,Empty,RyuJit,Default,X64,8c5e7fda-e8bf-4a96-9a85-a6e23a8c635c,.NET 8.0,False,True,False,True,Default,Default,False,False,False,Default,Default,Default,Default,Default,Default,Default,Default,Default,Default,Default,Default,Default,Default,Default,Default,16,Default,False,0.7146 ns,0.0319 ns,0.0298 ns,0.7123 ns,1.01,0.04,0.0000,0 B,NA
'Manual: start + fail',.NET 8.0,False,Default,Default,Default,Default,Default,Default,11111111111111111111111111111111,Empty,RyuJit,Default,X64,8c5e7fda-e8bf-4a96-9a85-a6e23a8c635c,.NET 8.0,False,True,False,True,Default,Default,False,False,False,Default,Default,Default,Default,Default,Default,Default,Default,Default,Default,Default,Default,Default,Default,Default,Default,16,Default,False,0.9147 ns,0.0292 ns,0.0273 ns,0.9191 ns,1.30,0.04,0.0000,0 B,NA
'Generated: start + fail',.NET 8.0,False,Default,Default,Default,Default,Default,Default,11111111111111111111111111111111,Empty,RyuJit,Default,X64,8c5e7fda-e8bf-4a96-9a85-a6e23a8c635c,.NET 8.0,False,True,False,True,Default,Default,False,False,False,Default,Default,Default,Default,Default,Default,Default,Default,Default,Default,Default,Default,Default,Default,Default,Default,16,Default,False,0.9031 ns,0.0226 ns,0.0200 ns,0.9058 ns,1.28,0.04,0.0000,0 B,NA
'Manual: start + complete',.NET 9.0,False,Default,Default,Default,Default,Default,Default,11111111111111111111111111111111,Empty,RyuJit,Default,X64,8c5e7fda-e8bf-4a96-9a85-a6e23a8c635c,.NET 9.0,False,True,False,True,Default,Default,False,False,False,Default,Default,Default,Default,Default,Default,Default,Default,Default,Default,Default,Default,Default,Default,Default,Default,16,Default,False,0.5421 ns,0.0109 ns,0.0091 ns,0.5437 ns,1.00,0.02,0.0000,0 B,NA
'Generated: start + complete',.NET 9.0,False,Default,Default,Default,Default,Default,Default,11111111111111111111111111111111,Empty,RyuJit,Default,X64,8c5e7fda-e8bf-4a96-9a85-a6e23a8c635c,.NET 9.0,False,True,False,True,Default,Default,False,False,False,Default,Default,Default,Default,Default,Default,Default,Default,Default,Default,Default,Default,Default,Default,Default,Default,16,Default,False,0.5476 ns,0.0049 ns,0.0044 ns,0.5471 ns,1.01,0.02,0.0000,0 B,NA
'Manual: start + fail',.NET 9.0,False,Default,Default,Default,Default,Default,Default,11111111111111111111111111111111,Empty,RyuJit,Default,X64,8c5e7fda-e8bf-4a96-9a85-a6e23a8c635c,.NET 9.0,False,True,False,True,Default,Default,False,False,False,Default,Default,Default,Default,Default,Default,Default,Default,Default,Default,Default,Default,Default,Default,Default,Default,16,Default,False,0.7345 ns,0.0075 ns,0.0070 ns,0.7330 ns,1.36,0.03,0.0000,0 B,NA
'Generated: start + fail',.NET 9.0,False,Default,Default,Default,Default,Default,Default,11111111111111111111111111111111,Empty,RyuJit,Default,X64,8c5e7fda-e8bf-4a96-9a85-a6e23a8c635c,.NET 9.0,False,True,False,True,Default,Default,False,False,False,Default,Default,Default,Default,Default,Default,Default,Default,Default,Default,Default,Default,Default,Default,Default,Default,16,Default,False,0.7043 ns,0.0121 ns,0.0107 ns,0.7058 ns,1.30,0.03,0.0000,0 B,NA
'Manual: start + complete',.NET Framework 4.7,False,Default,Default,Default,Default,Default,Default,11111111111111111111111111111111,Empty,RyuJit,Default,X64,8c5e7fda-e8bf-4a96-9a85-a6e23a8c635c,.NET Framework 4.7,False,True,False,True,Default,Default,False,False,False,Default,Default,Default,Default,Default,Default,Default,Default,Default,Default,Default,Default,Default,Default,Default,Default,16,Default,False,NA,NA,NA,NA,?,?,NA,NA,?
'Generated: start + complete',.NET Framework 4.7,False,Default,Default,Default,Default,Default,Default,11111111111111111111111111111111,Empty,RyuJit,Default,X64,8c5e7fda-e8bf-4a96-9a85-a6e23a8c635c,.NET Framework 4.7,False,True,False,True,Default,Default,False,False,False,Default,Default,Default,Default,Default,Default,Default,Default,Default,Default,Default,Default,Default,Default,Default,Default,16,Default,False,NA,NA,NA,NA,?,?,NA,NA,?
'Manual: start + fail',.NET Framework 4.7,False,Default,Default,Default,Default,Default,Default,11111111111111111111111111111111,Empty,RyuJit,Default,X64,8c5e7fda-e8bf-4a96-9a85-a6e23a8c635c,.NET Framework 4.7,False,True,False,True,Default,Default,False,False,False,Default,Default,Default,Default,Default,Default,Default,Default,Default,Default,Default,Default,Default,Default,Default,Default,16,Default,False,NA,NA,NA,NA,?,?,NA,NA,?
'Generated: start + fail',.NET Framework 4.7,False,Default,Default,Default,Default,Default,Default,11111111111111111111111111111111,Empty,RyuJit,Default,X64,8c5e7fda-e8bf-4a96-9a85-a6e23a8c635c,.NET Framework 4.7,False,True,False,True,Default,Default,False,False,False,Default,Default,Default,Default,Default,Default,Default,Default,Default,Default,Default,Default,Default,Default,Default,Default,16,Default,False,NA,NA,NA,NA,?,?,NA,NA,?
'Manual: start + complete',.NET Framework 4.8,False,Default,Default,Default,Default,Default,Default,11111111111111111111111111111111,Empty,RyuJit,Default,X64,8c5e7fda-e8bf-4a96-9a85-a6e23a8c635c,.NET Framework 4.8,False,True,False,True,Default,Default,False,False,False,Default,Default,Default,Default,Default,Default,Default,Default,Default,Default,Default,Default,Default,Default,Default,Default,16,Default,False,NA,NA,NA,NA,?,?,NA,NA,?
'Generated: start + complete',.NET Framework 4.8,False,Default,Default,Default,Default,Default,Default,11111111111111111111111111111111,Empty,RyuJit,Default,X64,8c5e7fda-e8bf-4a96-9a85-a6e23a8c635c,.NET Framework 4.8,False,True,False,True,Default,Default,False,False,False,Default,Default,Default,Default,Default,Default,Default,Default,Default,Default,Default,Default,Default,Default,Default,Default,16,Default,False,NA,NA,NA,NA,?,?,NA,NA,?
'Manual: start + fail',.NET Framework 4.8,False,Default,Default,Default,Default,Default,Default,11111111111111111111111111111111,Empty,RyuJit,Default,X64,8c5e7fda-e8bf-4a96-9a85-a6e23a8c635c,.NET Framework 4.8,False,True,False,True,Default,Default,False,False,False,Default,Default,Default,Default,Default,Default,Default,Default,Default,Default,Default,Default,Default,Default,Default,Default,16,Default,False,NA,NA,NA,NA,?,?,NA,NA,?
'Generated: start + fail',.NET Framework 4.8,False,Default,Default,Default,Default,Default,Default,11111111111111111111111111111111,Empty,RyuJit,Default,X64,8c5e7fda-e8bf-4a96-9a85-a6e23a8c635c,.NET Framework 4.8,False,True,False,True,Default,Default,False,False,False,Default,Default,Default,Default,Default,Default,Default,Default,Default,Default,Default,Default,Default,Default,Default,Default,16,Default,False,NA,NA,NA,NA,?,?,NA,NA,?
'Manual: start + complete',.NET 10.0,False,Default,Default,Default,Default,Default,Default,11111111111111111111111111111111,Empty,RyuJit,Default,X64,8c5e7fda-e8bf-4a96-9a85-a6e23a8c635c,.NET 10.0,False,True,False,True,Default,Default,False,False,False,Default,Default,Default,Default,Default,Default,Default,Default,Default,Default,Default,Default,Default,Default,Default,Default,16,Default,True,217.7505 ns,4.3708 ns,9.0265 ns,213.5793 ns,1.00,0.06,0.0534,1008 B,1.00
'Generated: start + complete',.NET 10.0,False,Default,Default,Default,Default,Default,Default,11111111111111111111111111111111,Empty,RyuJit,Default,X64,8c5e7fda-e8bf-4a96-9a85-a6e23a8c635c,.NET 10.0,False,True,False,True,Default,Default,False,False,False,Default,Default,Default,Default,Default,Default,Default,Default,Default,Default,Default,Default,Default,Default,Default,Default,16,Default,True,204.0318 ns,2.4965 ns,2.0847 ns,204.5571 ns,0.94,0.04,0.0534,1008 B,1.00
'Manual: start + fail',.NET 10.0,False,Default,Default,Default,Default,Default,Default,11111111111111111111111111111111,Empty,RyuJit,Default,X64,8c5e7fda-e8bf-4a96-9a85-a6e23a8c635c,.NET 10.0,False,True,False,True,Default,Default,False,False,False,Default,Default,Default,Default,Default,Default,Default,Default,Default,Default,Default,Default,Default,Default,Default,Default,16,Default,True,198.4338 ns,2.1044 ns,1.6430 ns,198.8059 ns,0.91,0.04,0.0489,920 B,0.91
'Generated: start + fail',.NET 10.0,False,Default,Default,Default,Default,Default,Default,11111111111111111111111111111111,Empty,RyuJit,Default,X64,8c5e7fda-e8bf-4a96-9a85-a6e23a8c635c,.NET 10.0,False,True,False,True,Default,Default,False,False,False,Default,Default,Default,Default,Default,Default,Default,Default,Default,Default,Default,Default,Default,Default,Default,Default,16,Default,True,189.2585 ns,1.4916 ns,1.2456 ns,189.9519 ns,0.87,0.04,0.0489,920 B,0.91
'Manual: start + complete',.NET 8.0,False,Default,Default,Default,Default,Default,Default,11111111111111111111111111111111,Empty,RyuJit,Default,X64,8c5e7fda-e8bf-4a96-9a85-a6e23a8c635c,.NET 8.0,False,True,False,True,Default,Default,False,False,False,Default,Default,Default,Default,Default,Default,Default,Default,Default,Default,Default,Default,Default,Default,Default,Default,16,Default,True,241.1073 ns,1.9357 ns,1.7159 ns,240.5253 ns,1.00,0.01,0.0534,1008 B,1.00
'Generated: start + complete',.NET 8.0,False,Default,Default,Default,Default,Default,Default,11111111111111111111111111111111,Empty,RyuJit,Default,X64,8c5e7fda-e8bf-4a96-9a85-a6e23a8c635c,.NET 8.0,False,True,False,True,Default,Default,False,False,False,Default,Default,Default,Default,Default,Default,Default,Default,Default,Default,Default,Default,Default,Default,Default,Default,16,Default,True,250.4936 ns,2.0488 ns,1.7109 ns,251.0890 ns,1.04,0.01,0.0534,1008 B,1.00
'Manual: start + fail',.NET 8.0,False,Default,Default,Default,Default,Default,Default,11111111111111111111111111111111,Empty,RyuJit,Default,X64,8c5e7fda-e8bf-4a96-9a85-a6e23a8c635c,.NET 8.0,False,True,False,True,Default,Default,False,False,False,Default,Default,Default,Default,Default,Default,Default,Default,Default,Default,Default,Default,Default,Default,Default,Default,16,Default,True,223.8695 ns,2.8282 ns,2.3617 ns,223.6162 ns,0.93,0.01,0.0489,920 B,0.91
'Generated: start + fail',.NET 8.0,False,Default,Default,Default,Default,Default,Default,11111111111111111111111111111111,Empty,RyuJit,Default,X64,8c5e7fda-e8bf-4a96-9a85-a6e23a8c635c,.NET 8.0,False,True,False,True,Default,Default,False,False,False,Default,Default,Default,Default,Default,Default,Default,Default,Default,Default,Default,Default,Default,Default,Default,Default,16,Default,True,222.1394 ns,4.1159 ns,3.4370 ns,223.1423 ns,0.92,0.02,0.0486,920 B,0.91
'Manual: start + complete',.NET 9.0,False,Default,Default,Default,Default,Default,Default,11111111111111111111111111111111,Empty,RyuJit,Default,X64,8c5e7fda-e8bf-4a96-9a85-a6e23a8c635c,.NET 9.0,False,True,False,True,Default,Default,False,False,False,Default,Default,Default,Default,Default,Default,Default,Default,Default,Default,Default,Default,Default,Default,Default,Default,16,Default,True,216.8368 ns,4.3705 ns,5.5272 ns,216.5413 ns,1.00,0.04,0.0534,1008 B,1.00
'Generated: start + complete',.NET 9.0,False,Default,Default,Default,Default,Default,Default,11111111111111111111111111111111,Empty,RyuJit,Default,X64,8c5e7fda-e8bf-4a96-9a85-a6e23a8c635c,.NET 9.0,False,True,False,True,Default,Default,False,False,False,Default,Default,Default,Default,Default,Default,Default,Default,Default,Default,Default,Default,Default,Default,Default,Default,16,Default,True,214.2963 ns,4.1473 ns,3.8793 ns,214.1005 ns,0.99,0.03,0.0534,1008 B,1.00
'Manual: start + fail',.NET 9.0,False,Default,Default,Default,Default,Default,Default,11111111111111111111111111111111,Empty,RyuJit,Default,X64,8c5e7fda-e8bf-4a96-9a85-a6e23a8c635c,.NET 9.0,False,True,False,True,Default,Default,False,False,False,Default,Default,Default,Default,Default,Default,Default,Default,Default,Default,Default,Default,Default,Default,Default,Default,16,Default,True,200.4337 ns,3.9968 ns,4.9084 ns,198.9020 ns,0.92,0.03,0.0489,920 B,0.91
'Generated: start + fail',.NET 9.0,False,Default,Default,Default,Default,Default,Default,11111111111111111111111111111111,Empty,RyuJit,Default,X64,8c5e7fda-e8bf-4a96-9a85-a6e23a8c635c,.NET 9.0,False,True,False,True,Default,Default,False,False,False,Default,Default,Default,Default,Default,Default,Default,Default,Default,Default,Default,Default,Default,Default,Default,Default,16,Default,True,222.1402 ns,4.4102 ns,7.6074 ns,222.4926 ns,1.03,0.04,0.0489,920 B,0.91
'Manual: start + complete',.NET Framework 4.7,False,Default,Default,Default,Default,Default,Default,11111111111111111111111111111111,Empty,RyuJit,Default,X64,8c5e7fda-e8bf-4a96-9a85-a6e23a8c635c,.NET Framework 4.7,False,True,False,True,Default,Default,False,False,False,Default,Default,Default,Default,Default,Default,Default,Default,Default,Default,Default,Default,Default,Default,Default,Default,16,Default,True,NA,NA,NA,NA,?,?,NA,NA,?
'Generated: start + complete',.NET Framework 4.7,False,Default,Default,Default,Default,Default,Default,11111111111111111111111111111111,Empty,RyuJit,Default,X64,8c5e7fda-e8bf-4a96-9a85-a6e23a8c635c,.NET Framework 4.7,False,True,False,True,Default,Default,False,False,False,Default,Default,Default,Default,Default,Default,Default,Default,Default,Default,Default,Default,Default,Default,Default,Default,16,Default,True,NA,NA,NA,NA,?,?,NA,NA,?
'Manual: start + fail',.NET Framework 4.7,False,Default,Default,Default,Default,Default,Default,11111111111111111111111111111111,Empty,RyuJit,Default,X64,8c5e7fda-e8bf-4a96-9a85-a6e23a8c635c,.NET Framework 4.7,False,True,False,True,Default,Default,False,False,False,Default,Default,Default,Default,Default,Default,Default,Default,Default,Default,Default,Default,Default,Default,Default,Default,16,Default,True,NA,NA,NA,NA,?,?,NA,NA,?
'Generated: start + fail',.NET Framework 4.7,False,Default,Default,Default,Default,Default,Default,11111111111111111111111111111111,Empty,RyuJit,Default,X64,8c5e7fda-e8bf-4a96-9a85-a6e23a8c635c,.NET Framework 4.7,False,True,False,True,Default,Default,False,False,False,Default,Default,Default,Default,Default,Default,Default,Default,Default,Default,Default,Default,Default,Default,Default,Default,16,Default,True,NA,NA,NA,NA,?,?,NA,NA,?
'Manual: start + complete',.NET Framework 4.8,False,Default,Default,Default,Default,Default,Default,11111111111111111111111111111111,Empty,RyuJit,Default,X64,8c5e7fda-e8bf-4a96-9a85-a6e23a8c635c,.NET Framework 4.8,False,True,False,True,Default,Default,False,False,False,Default,Default,Default,Default,Default,Default,Default,Default,Default,Default,Default,Default,Default,Default,Default,Default,16,Default,True,NA,NA,NA,NA,?,?,NA,NA,?
'Generated: start + complete',.NET Framework 4.8,False,Default,Default,Default,Default,Default,Default,11111111111111111111111111111111,Empty,RyuJit,Default,X64,8c5e7fda-e8bf-4a96-9a85-a6e23a8c635c,.NET Framework 4.8,False,True,False,True,Default,Default,False,False,False,Default,Default,Default,Default,Default,Default,Default,Default,Default,Default,Default,Default,Default,Default,Default,Default,16,Default,True,NA,NA,NA,NA,?,?,NA,NA,?
'Manual: start + fail',.NET Framework 4.8,False,Default,Default,Default,Default,Default,Default,11111111111111111111111111111111,Empty,RyuJit,Default,X64,8c5e7fda-e8bf-4a96-9a85-a6e23a8c635c,.NET Framework 4.8,False,True,False,True,Default,Default,False,False,False,Default,Default,Default,Default,Default,Default,Default,Default,Default,Default,Default,Default,Default,Default,Default,Default,16,Default,True,NA,NA,NA,NA,?,?,NA,NA,?
'Generated: start + fail',.NET Framework 4.8,False,Default,Default,Default,Default,Default,Default,11111111111111111111111111111111,Empty,RyuJit,Default,X64,8c5e7fda-e8bf-4a96-9a85-a6e23a8c635c,.NET Framework 4.8,False,True,False,True,Default,Default,False,False,False,Default,Default,Default,Default,Default,Default,Default,Default,Default,Default,Default,Default,Default,Default,Default,Default,16,Default,True,NA,NA,NA,NA,?,?,NA,NA,?
